,Putere discriminare (lambda),P Values
Z1,12601.6283,0.0
Z2,216.01363,0.0
Z3,3.43457,0.01628
