,Putere discriminare,p_values
Temperature,1170.06477351095,1.1102230246251565e-16
Humidity,626.5491023956971,1.1102230246251565e-16
PM2.5,195.03340254749614,1.1102230246251565e-16
PM10,404.475346740533,1.1102230246251565e-16
NO2,1614.0529341077784,1.1102230246251565e-16
SO2,1100.131769950723,1.1102230246251565e-16
CO,4476.653797097837,1.1102230246251565e-16
Proximity_to_Industrial_Areas,1941.8463018474326,1.1102230246251565e-16
Population_Density,704.1233172554005,1.1102230246251565e-16
